{"cameraMode":{"drawMode":0,"name":"Shaded","section":"Shading Mode"},"sceneLighting":false,"audioPlay":false,"sceneViewState":{"showFog":true,"showMaterialUpdate":false,"showSkybox":false,"showFlares":true,"showImageEffects":true,"showParticleSystems":true},"in2DMode":false,"pivot":{"x":-0.000041964463889598846,"y":-0.000018373597413301468,"z":0.00010695785749703646},"rotation":{"x":-0.15611706674098969,"y":-0.3215591013431549,"z":0.05384814366698265,"w":-0.932411789894104},"size":1.5018298625946046,"orthographic":false}