{"cameraMode":{"drawMode":0,"name":"Shaded","section":"Shading Mode"},"sceneLighting":false,"audioPlay":false,"sceneViewState":{"showFog":true,"showMaterialUpdate":false,"showSkybox":false,"showFlares":true,"showImageEffects":true,"showParticleSystems":true},"in2DMode":false,"pivot":{"x":-25.81851577758789,"y":1.4459683895111085,"z":28.148197174072267},"rotation":{"x":-0.17023822665214539,"y":-0.2687767446041107,"z":0.04832717776298523,"w":-0.9468282461166382},"size":3.686220645904541,"orthographic":false}