{"cameraMode":{"drawMode":0,"name":"Shaded","section":"Shading Mode"},"sceneLighting":true,"audioPlay":false,"sceneViewState":{"showFog":true,"showMaterialUpdate":false,"showSkybox":true,"showFlares":true,"showImageEffects":true,"showParticleSystems":true},"in2DMode":false,"pivot":{"x":-63.42329406738281,"y":0.5003552436828613,"z":16.269474029541017},"rotation":{"x":-0.14855214953422547,"y":-0.20372112095355988,"z":0.031289588660001758,"w":-0.9672077894210815},"size":5.258786201477051,"orthographic":false}