{"cameraMode":{"drawMode":0,"name":"Shaded","section":"Shading Mode"},"sceneLighting":false,"audioPlay":false,"sceneViewState":{"showFog":true,"showMaterialUpdate":false,"showSkybox":false,"showFlares":true,"showImageEffects":true,"showParticleSystems":true},"in2DMode":false,"pivot":{"x":25.587892532348634,"y":0.849376916885376,"z":44.08959197998047},"rotation":{"x":-0.07640987634658814,"y":-0.5151672959327698,"z":0.046180687844753268,"w":-0.8524625301361084},"size":5.979589462280273,"orthographic":false}