{"cameraMode":{"drawMode":0,"name":"Shaded","section":"Shading Mode"},"sceneLighting":false,"audioPlay":false,"sceneViewState":{"showFog":true,"showMaterialUpdate":false,"showSkybox":false,"showFlares":true,"showImageEffects":true,"showParticleSystems":true},"in2DMode":false,"pivot":{"x":-4.144635200500488,"y":2.5980420112609865,"z":-13.435163497924805},"rotation":{"x":-0.1743287891149521,"y":-0.37662431597709658,"z":0.072393998503685,"w":-0.9069538712501526},"size":3.8118398189544679,"orthographic":false}