{"cameraMode":{"drawMode":0,"name":"Shaded","section":"Shading Mode"},"sceneLighting":false,"audioPlay":false,"sceneViewState":{"showFog":true,"showMaterialUpdate":false,"showSkybox":false,"showFlares":true,"showImageEffects":true,"showParticleSystems":true},"in2DMode":false,"pivot":{"x":-23.77425765991211,"y":0.29956120252609255,"z":-18.28685188293457},"rotation":{"x":-0.1565365046262741,"y":-0.12173933535814285,"z":0.019447186961770059,"w":-0.9799694418907166},"size":0.9790962934494019,"orthographic":false}