{"cameraMode":{"drawMode":0,"name":"Shaded","section":"Shading Mode"},"sceneLighting":false,"audioPlay":false,"sceneViewState":{"showFog":true,"showMaterialUpdate":false,"showSkybox":false,"showFlares":true,"showImageEffects":true,"showParticleSystems":true},"in2DMode":false,"pivot":{"x":-4.228515625,"y":1.8539683818817139,"z":2.930192708969116},"rotation":{"x":-0.17023822665214539,"y":-0.2687767446041107,"z":0.04832717776298523,"w":-0.9468282461166382},"size":3.686220407485962,"orthographic":false}