{"cameraMode":{"drawMode":0,"name":"Shaded","section":"Shading Mode"},"sceneLighting":false,"audioPlay":false,"sceneViewState":{"showFog":true,"showMaterialUpdate":false,"showSkybox":false,"showFlares":true,"showImageEffects":true,"showParticleSystems":true},"in2DMode":false,"pivot":{"x":9.601190567016602,"y":2.1492397785186769,"z":33.430870056152347},"rotation":{"x":-0.07640987634658814,"y":-0.5151672959327698,"z":0.046180687844753268,"w":-0.8524625301361084},"size":3.341851234436035,"orthographic":false}