{"cameraMode":{"drawMode":0,"name":"Shaded","section":"Shading Mode"},"sceneLighting":false,"audioPlay":false,"sceneViewState":{"showFog":true,"showMaterialUpdate":false,"showSkybox":false,"showFlares":true,"showImageEffects":true,"showParticleSystems":true},"in2DMode":false,"pivot":{"x":-0.26198816299438479,"y":-0.31016913056373598,"z":1.9804472923278809},"rotation":{"x":-0.17023822665214539,"y":-0.2687767446041107,"z":0.04832717776298523,"w":-0.9468282461166382},"size":3.7756378650665285,"orthographic":false}