{"cameraMode":{"drawMode":0,"name":"Shaded","section":"Shading Mode"},"sceneLighting":false,"audioPlay":false,"sceneViewState":{"showFog":true,"showMaterialUpdate":false,"showSkybox":false,"showFlares":true,"showImageEffects":true,"showParticleSystems":true},"in2DMode":false,"pivot":{"x":30.723852157592775,"y":3.571648597717285,"z":48.87432861328125},"rotation":{"x":-0.1565365046262741,"y":-0.12173933535814285,"z":0.019447186961770059,"w":-0.9799694418907166},"size":16.061800003051759,"orthographic":false}