{"cameraMode":{"drawMode":0,"name":"Shaded","section":"Shading Mode"},"sceneLighting":false,"audioPlay":false,"sceneViewState":{"showFog":true,"showMaterialUpdate":false,"showSkybox":false,"showFlares":true,"showImageEffects":true,"showParticleSystems":true},"in2DMode":false,"pivot":{"x":17.3799991607666,"y":0.31206393241882326,"z":17.56999969482422},"rotation":{"x":-0.1565365046262741,"y":-0.12173933535814285,"z":0.019447186961770059,"w":-0.9799694418907166},"size":0.6853224635124207,"orthographic":false}