{"cameraMode":{"drawMode":0,"name":"Shaded","section":"Shading Mode"},"sceneLighting":false,"audioPlay":false,"sceneViewState":{"showFog":true,"showMaterialUpdate":false,"showSkybox":false,"showFlares":true,"showImageEffects":true,"showParticleSystems":true},"in2DMode":false,"pivot":{"x":-10.390000343322754,"y":0.29168501496315,"z":-15.099893569946289},"rotation":{"x":-0.07640987634658814,"y":-0.5151672959327698,"z":0.046180687844753268,"w":-0.8524625301361084},"size":0.5431298017501831,"orthographic":false}