{"cameraMode":{"drawMode":0,"name":"Shaded","section":"Shading Mode"},"sceneLighting":true,"audioPlay":false,"sceneViewState":{"showFog":true,"showMaterialUpdate":false,"showSkybox":true,"showFlares":true,"showImageEffects":true,"showParticleSystems":true},"in2DMode":false,"pivot":{"x":11.741172790527344,"y":5.116106033325195,"z":-88.01991271972656},"rotation":{"x":-0.05153154954314232,"y":0.043430209159851077,"z":0.002240879228338599,"w":0.9977432489395142},"size":15.531330108642579,"orthographic":false}