{"cameraMode":{"drawMode":0,"name":"Shaded","section":"Shading Mode"},"sceneLighting":false,"audioPlay":false,"sceneViewState":{"showFog":true,"showMaterialUpdate":false,"showSkybox":false,"showFlares":true,"showImageEffects":true,"showParticleSystems":true},"in2DMode":false,"pivot":{"x":31.180606842041017,"y":3.3845205307006838,"z":48.25166320800781},"rotation":{"x":-0.1743287891149521,"y":-0.37662431597709658,"z":0.072393998503685,"w":-0.9069538712501526},"size":17.61111068725586,"orthographic":false}