{"cameraMode":{"drawMode":0,"name":"Shaded","section":"Shading Mode"},"sceneLighting":false,"audioPlay":false,"sceneViewState":{"showFog":true,"showMaterialUpdate":false,"showSkybox":false,"showFlares":true,"showImageEffects":true,"showParticleSystems":true},"in2DMode":false,"pivot":{"x":-10.732999801635743,"y":0.462799996137619,"z":-22.861000061035158},"rotation":{"x":-0.07640987634658814,"y":-0.5151672959327698,"z":0.046180687844753268,"w":-0.8524625301361084},"size":0.49410316348075869,"orthographic":false}