{"cameraMode":{"drawMode":0,"name":"Shaded","section":"Shading Mode"},"sceneLighting":false,"audioPlay":false,"sceneViewState":{"showFog":true,"showMaterialUpdate":false,"showSkybox":false,"showFlares":true,"showImageEffects":true,"showParticleSystems":true},"in2DMode":false,"pivot":{"x":24.389999389648439,"y":2.299999713897705,"z":36.16999816894531},"rotation":{"x":-0.07640987634658814,"y":-0.5151672959327698,"z":0.046180687844753268,"w":-0.8524625301361084},"size":4.51477575302124,"orthographic":false}