{"cameraMode":{"drawMode":0,"name":"Shaded","section":"Shading Mode"},"sceneLighting":true,"audioPlay":false,"sceneViewState":{"showFog":true,"showMaterialUpdate":false,"showSkybox":true,"showFlares":true,"showImageEffects":true,"showParticleSystems":true},"in2DMode":false,"pivot":{"x":-11.623540878295899,"y":1.6295788288116456,"z":9.291609764099121},"rotation":{"x":0.13054540753364564,"y":0.8180986046791077,"z":-0.20489072799682618,"w":0.5212610363960266},"size":4.081791400909424,"orthographic":false}