{"cameraMode":{"drawMode":0,"name":"Shaded","section":"Shading Mode"},"sceneLighting":true,"audioPlay":false,"sceneViewState":{"showFog":true,"showMaterialUpdate":false,"showSkybox":true,"showFlares":true,"showImageEffects":true,"showParticleSystems":true},"in2DMode":false,"pivot":{"x":-5.877438545227051,"y":-8.727493286132813,"z":14.76517105102539},"rotation":{"x":-0.2971087098121643,"y":-0.029499387368559839,"z":0.009188137017190457,"w":-0.9543520212173462},"size":24.984432220458986,"orthographic":false}