{"cameraMode":{"drawMode":0,"name":"Shaded","section":"Shading Mode"},"sceneLighting":false,"audioPlay":false,"sceneViewState":{"showFog":true,"showMaterialUpdate":false,"showSkybox":false,"showFlares":true,"showImageEffects":true,"showParticleSystems":true},"in2DMode":false,"pivot":{"x":-23.93000030517578,"y":0.0,"z":-20.26300048828125},"rotation":{"x":-0.1565365046262741,"y":-0.12173933535814285,"z":0.019447186961770059,"w":-0.9799694418907166},"size":0.30324670672416689,"orthographic":false}