{"cameraMode":{"drawMode":0,"name":"Shaded","section":"Shading Mode"},"sceneLighting":false,"audioPlay":false,"sceneViewState":{"showFog":true,"showMaterialUpdate":false,"showSkybox":false,"showFlares":true,"showImageEffects":true,"showParticleSystems":true},"in2DMode":false,"pivot":{"x":43.809906005859378,"y":1.274065375328064,"z":72.25331115722656},"rotation":{"x":-0.1565365046262741,"y":-0.12173933535814285,"z":0.019447186961770059,"w":-0.9799694418907166},"size":1.366279125213623,"orthographic":false}