{"cameraMode":{"drawMode":0,"name":"Shaded","section":"Shading Mode"},"sceneLighting":false,"audioPlay":false,"sceneViewState":{"showFog":true,"showMaterialUpdate":false,"showSkybox":false,"showFlares":true,"showImageEffects":true,"showParticleSystems":true},"in2DMode":false,"pivot":{"x":44.950096130371097,"y":-22.058059692382814,"z":42.33282470703125},"rotation":{"x":0.027476521208882333,"y":-0.907636284828186,"z":0.415516197681427,"w":0.060238439589738849},"size":17.689098358154298,"orthographic":false}