{"cameraMode":{"drawMode":0,"name":"Shaded","section":"Shading Mode"},"sceneLighting":false,"audioPlay":false,"sceneViewState":{"showFog":true,"showMaterialUpdate":false,"showSkybox":false,"showFlares":true,"showImageEffects":true,"showParticleSystems":true},"in2DMode":false,"pivot":{"x":-25.81851577758789,"y":1.4459683895111085,"z":28.148197174072267},"rotation":{"x":0.1480666846036911,"y":0.6734314560890198,"z":-0.14099310338497163,"w":0.7110445499420166},"size":3.686220645904541,"orthographic":false}