{"cameraMode":{"drawMode":0,"name":"Shaded","section":"Shading Mode"},"sceneLighting":false,"audioPlay":false,"sceneViewState":{"showFog":true,"showMaterialUpdate":false,"showSkybox":false,"showFlares":true,"showImageEffects":true,"showParticleSystems":true},"in2DMode":false,"pivot":{"x":-12.94228458404541,"y":0.7032934427261353,"z":-10.31753158569336},"rotation":{"x":0.021925905719399453,"y":-0.7710790038108826,"z":0.027034815400838853,"w":0.6359541416168213},"size":1.1998796463012696,"orthographic":false}