{"cameraMode":{"drawMode":0,"name":"Shaded","section":"Shading Mode"},"sceneLighting":false,"audioPlay":false,"sceneViewState":{"showFog":true,"showMaterialUpdate":false,"showSkybox":false,"showFlares":true,"showImageEffects":true,"showParticleSystems":true},"in2DMode":false,"pivot":{"x":-4.144635200500488,"y":2.598041534423828,"z":-13.435163497924805},"rotation":{"x":0.011681407690048218,"y":-0.9836913347244263,"z":0.16273128986358643,"w":0.08038552105426789},"size":3.8118386268615724,"orthographic":false}