{"cameraMode":{"drawMode":0,"name":"Shaded","section":"Shading Mode"},"sceneLighting":false,"audioPlay":false,"sceneViewState":{"showFog":true,"showMaterialUpdate":false,"showSkybox":false,"showFlares":true,"showImageEffects":true,"showParticleSystems":true},"in2DMode":false,"pivot":{"x":-10.241594314575196,"y":0.41182267665863039,"z":-1.0847771167755128},"rotation":{"x":0.04794938489794731,"y":-0.9510095715522766,"z":0.21829135715961457,"w":0.2152509242296219},"size":0.9094671607017517,"orthographic":false}