{"cameraMode":{"drawMode":0,"name":"Shaded","section":"Shading Mode"},"sceneLighting":false,"audioPlay":false,"sceneViewState":{"showFog":true,"showMaterialUpdate":false,"showSkybox":false,"showFlares":true,"showImageEffects":true,"showParticleSystems":true},"in2DMode":false,"pivot":{"x":39.83601379394531,"y":-10.97390079498291,"z":41.273826599121097},"rotation":{"x":0.04488605633378029,"y":-0.9487842321395874,"z":0.2721368670463562,"w":0.1567678302526474},"size":17.689098358154298,"orthographic":false}