{"cameraMode":{"drawMode":0,"name":"Shaded","section":"Shading Mode"},"sceneLighting":false,"audioPlay":false,"sceneViewState":{"showFog":true,"showMaterialUpdate":false,"showSkybox":false,"showFlares":true,"showImageEffects":true,"showParticleSystems":true},"in2DMode":false,"pivot":{"x":-5.965643882751465,"y":2.148242950439453,"z":44.86614990234375},"rotation":{"x":0.2825976312160492,"y":-0.29221048951148989,"z":0.09278087317943573,"w":0.9095832705497742},"size":3.341850519180298,"orthographic":false}