{"cameraMode":{"drawMode":0,"name":"Shaded","section":"Shading Mode"},"sceneLighting":false,"audioPlay":false,"sceneViewState":{"showFog":true,"showMaterialUpdate":false,"showSkybox":false,"showFlares":true,"showImageEffects":true,"showParticleSystems":true},"in2DMode":false,"pivot":{"x":-23.77425765991211,"y":0.2995612621307373,"z":-18.28685188293457},"rotation":{"x":0.06879625469446182,"y":0.11583829671144486,"z":-0.007994056679308415,"w":0.9909159541130066},"size":0.9790962338447571,"orthographic":false}