{"cameraMode":{"drawMode":0,"name":"Shaded","section":"Shading Mode"},"sceneLighting":true,"audioPlay":false,"sceneViewState":{"showFog":true,"showMaterialUpdate":false,"showSkybox":true,"showFlares":true,"showImageEffects":true,"showParticleSystems":true},"in2DMode":false,"pivot":{"x":-18.3975772857666,"y":1.8614436388015748,"z":-18.309814453125},"rotation":{"x":0.09201304614543915,"y":-0.5567665100097656,"z":0.062240004539489749,"w":0.823273241519928},"size":0.9223035573959351,"orthographic":false}