{"cameraMode":{"drawMode":0,"name":"Shaded","section":"Shading Mode"},"sceneLighting":false,"audioPlay":false,"sceneViewState":{"showFog":true,"showMaterialUpdate":false,"showSkybox":false,"showFlares":true,"showImageEffects":true,"showParticleSystems":true},"in2DMode":false,"pivot":{"x":11.28743839263916,"y":0.800000011920929,"z":4.204999923706055},"rotation":{"x":-0.5656542778015137,"y":0.21276530623435975,"z":-0.15403001010417939,"w":-0.7817338705062866},"size":2.006058692932129,"orthographic":false}