{"cameraMode":{"drawMode":0,"name":"Shaded","section":"Shading Mode"},"sceneLighting":true,"audioPlay":false,"sceneViewState":{"showFog":true,"showMaterialUpdate":false,"showSkybox":true,"showFlares":true,"showImageEffects":true,"showParticleSystems":true},"in2DMode":false,"pivot":{"x":4.081495761871338,"y":-21.630441665649415,"z":39.3284912109375},"rotation":{"x":-0.29064276814460757,"y":0.008567743934690953,"z":-0.002626667730510235,"w":-0.9568290114402771},"size":28.88953971862793,"orthographic":false}