{"cameraMode":{"drawMode":0,"name":"Shaded","section":"Shading Mode"},"sceneLighting":false,"audioPlay":false,"sceneViewState":{"showFog":true,"showMaterialUpdate":false,"showSkybox":false,"showFlares":true,"showImageEffects":true,"showParticleSystems":true},"in2DMode":false,"pivot":{"x":24.51803970336914,"y":2.2467029094696047,"z":36.58700180053711},"rotation":{"x":-0.19039256870746613,"y":0.11483778059482575,"z":-0.02245246060192585,"w":-0.9747454524040222},"size":4.674919128417969,"orthographic":false}