{"cameraMode":{"drawMode":0,"name":"Shaded","section":"Shading Mode"},"sceneLighting":false,"audioPlay":false,"sceneViewState":{"showFog":true,"showMaterialUpdate":false,"showSkybox":false,"showFlares":true,"showImageEffects":true,"showParticleSystems":true},"in2DMode":false,"pivot":{"x":13.86737060546875,"y":2.1499509811401369,"z":34.548160552978519},"rotation":{"x":-0.3826424479484558,"y":0.21988937258720399,"z":-0.09576424956321717,"w":-0.8926082253456116},"size":3.3418514728546144,"orthographic":false}