{"cameraMode":{"drawMode":0,"name":"Shaded","section":"Shading Mode"},"sceneLighting":false,"audioPlay":false,"sceneViewState":{"showFog":true,"showMaterialUpdate":false,"showSkybox":false,"showFlares":true,"showImageEffects":true,"showParticleSystems":true},"in2DMode":false,"pivot":{"x":-4.228515625,"y":1.8539683818817139,"z":2.930192708969116},"rotation":{"x":-0.08983398973941803,"y":-0.7186213731765747,"z":0.09466180205345154,"w":-0.6837235689163208},"size":3.686220407485962,"orthographic":false}