{"cameraMode":{"drawMode":0,"name":"Shaded","section":"Shading Mode"},"sceneLighting":false,"audioPlay":false,"sceneViewState":{"showFog":true,"showMaterialUpdate":false,"showSkybox":false,"showFlares":true,"showImageEffects":true,"showParticleSystems":true},"in2DMode":false,"pivot":{"x":-12.556233406066895,"y":1.0700000524520875,"z":-9.64799976348877},"rotation":{"x":0.12892475724220277,"y":-0.028296595439314843,"z":0.0033584111370146276,"w":0.9913784265518189},"size":1.1998796463012696,"orthographic":false}