{"cameraMode":{"drawMode":0,"name":"Shaded","section":"Shading Mode"},"sceneLighting":false,"audioPlay":false,"sceneViewState":{"showFog":true,"showMaterialUpdate":false,"showSkybox":false,"showFlares":true,"showImageEffects":true,"showParticleSystems":true},"in2DMode":false,"pivot":{"x":-26.194093704223634,"y":2.013878107070923,"z":35.88627624511719},"rotation":{"x":-0.08983398973941803,"y":-0.7186213731765747,"z":0.09466180205345154,"w":-0.6837235689163208},"size":3.6862168312072756,"orthographic":false}