{"cameraMode":{"drawMode":0,"name":"Shaded","section":"Shading Mode"},"sceneLighting":true,"audioPlay":false,"sceneViewState":{"showFog":true,"showMaterialUpdate":false,"showSkybox":true,"showFlares":true,"showImageEffects":true,"showParticleSystems":true},"in2DMode":false,"pivot":{"x":-8.02927017211914,"y":3.808910846710205,"z":-16.879199981689454},"rotation":{"x":0.443445086479187,"y":-0.0019970282446593048,"z":0.0012341130059212447,"w":0.8965893387794495},"size":10.0,"orthographic":false}