{"cameraMode":{"drawMode":0,"name":"Shaded","section":"Shading Mode"},"sceneLighting":true,"audioPlay":false,"sceneViewState":{"showFog":true,"showMaterialUpdate":false,"showSkybox":true,"showFlares":true,"showImageEffects":true,"showParticleSystems":true},"in2DMode":false,"pivot":{"x":1.526655673980713,"y":27.838361740112306,"z":-37.094112396240237},"rotation":{"x":-0.386586457490921,"y":0.27817270159721377,"z":-0.12355650216341019,"w":-0.8706090450286865},"size":4.223137855529785,"orthographic":false}