{"cameraMode":{"drawMode":0,"name":"Shaded","section":"Shading Mode"},"sceneLighting":true,"audioPlay":false,"sceneViewState":{"showFog":true,"showMaterialUpdate":false,"showSkybox":true,"showFlares":true,"showImageEffects":true,"showParticleSystems":true},"in2DMode":false,"pivot":{"x":8.207111358642579,"y":-6.091464996337891,"z":19.34369659423828},"rotation":{"x":-0.0712798535823822,"y":0.9285361766815186,"z":-0.24740687012672425,"w":-0.267527312040329},"size":48.175025939941409,"orthographic":false}