{"cameraMode":{"drawMode":0,"name":"Shaded","section":"Shading Mode"},"sceneLighting":false,"audioPlay":false,"sceneViewState":{"showFog":true,"showMaterialUpdate":false,"showSkybox":false,"showFlares":true,"showImageEffects":true,"showParticleSystems":true},"in2DMode":false,"pivot":{"x":10.90229606628418,"y":2.037749767303467,"z":32.692626953125},"rotation":{"x":0.018394630402326585,"y":0.9600788950920105,"z":-0.060572173446416858,"w":0.2737743854522705},"size":3.341851234436035,"orthographic":false}