{"cameraMode":{"drawMode":0,"name":"Shaded","section":"Shading Mode"},"sceneLighting":false,"audioPlay":false,"sceneViewState":{"showFog":true,"showMaterialUpdate":false,"showSkybox":false,"showFlares":true,"showImageEffects":true,"showParticleSystems":true},"in2DMode":false,"pivot":{"x":36.333091735839847,"y":-6.167149543762207,"z":34.454559326171878},"rotation":{"x":-0.00986366719007492,"y":0.9708020091056824,"z":-0.23643989861011506,"w":-0.047884706407785419},"size":17.61111068725586,"orthographic":false}