{"cameraMode":{"drawMode":0,"name":"Shaded","section":"Shading Mode"},"sceneLighting":false,"audioPlay":false,"sceneViewState":{"showFog":true,"showMaterialUpdate":false,"showSkybox":false,"showFlares":true,"showImageEffects":true,"showParticleSystems":true},"in2DMode":false,"pivot":{"x":-0.000041964463889598846,"y":-0.000018373597413301468,"z":0.00010695785749703646},"rotation":{"x":0.3144689202308655,"y":0.6261228919029236,"z":0.30620044469833376,"w":-0.6451212763786316},"size":0.30182987451553347,"orthographic":false}