{"cameraMode":{"drawMode":0,"name":"Shaded","section":"Shading Mode"},"sceneLighting":true,"audioPlay":false,"sceneViewState":{"showFog":true,"showMaterialUpdate":false,"showSkybox":true,"showFlares":true,"showImageEffects":true,"showParticleSystems":true},"in2DMode":false,"pivot":{"x":4.569833755493164,"y":-6.165121078491211,"z":7.795960903167725},"rotation":{"x":-0.5656542778015137,"y":0.21276530623435975,"z":-0.15403001010417939,"w":-0.7817338705062866},"size":23.362571716308595,"orthographic":false}