{"cameraMode":{"drawMode":0,"name":"Shaded","section":"Shading Mode"},"sceneLighting":true,"audioPlay":false,"sceneViewState":{"showFog":true,"showMaterialUpdate":false,"showSkybox":true,"showFlares":true,"showImageEffects":true,"showParticleSystems":true},"in2DMode":false,"pivot":{"x":53.518165588378909,"y":3.9628193378448488,"z":24.886743545532228},"rotation":{"x":0.23586627840995789,"y":-0.6221614480018616,"z":0.20438726246356965,"w":0.7180132269859314},"size":17.61111068725586,"orthographic":false}