{"cameraMode":{"drawMode":0,"name":"Shaded","section":"Shading Mode"},"sceneLighting":true,"audioPlay":false,"sceneViewState":{"showFog":true,"showMaterialUpdate":false,"showSkybox":true,"showFlares":true,"showImageEffects":true,"showParticleSystems":true},"in2DMode":false,"pivot":{"x":-23.211837768554689,"y":1.8598095178604127,"z":-21.33762550354004},"rotation":{"x":0.04075366258621216,"y":-0.04707546904683113,"z":0.0019752259831875564,"w":0.9981236457824707},"size":0.9223035573959351,"orthographic":false}