{"cameraMode":{"drawMode":0,"name":"Shaded","section":"Shading Mode"},"sceneLighting":true,"audioPlay":false,"sceneViewState":{"showFog":true,"showMaterialUpdate":false,"showSkybox":true,"showFlares":true,"showImageEffects":true,"showParticleSystems":true},"in2DMode":false,"pivot":{"x":31.003097534179689,"y":3.3865373134613039,"z":48.81793975830078},"rotation":{"x":-0.101405568420887,"y":0.7936573624610901,"z":-0.1407879889011383,"w":-0.5837401151657105},"size":17.61111068725586,"orthographic":false}