{"cameraMode":{"drawMode":0,"name":"Shaded","section":"Shading Mode"},"sceneLighting":false,"audioPlay":false,"sceneViewState":{"showFog":true,"showMaterialUpdate":false,"showSkybox":false,"showFlares":true,"showImageEffects":true,"showParticleSystems":true},"in2DMode":false,"pivot":{"x":17.891883850097658,"y":8.997804641723633,"z":46.85358810424805},"rotation":{"x":-0.01750447228550911,"y":-0.8776158094406128,"z":-0.03281697630882263,"w":0.47879302501678469},"size":5.979589462280273,"orthographic":false}