{"cameraMode":{"drawMode":0,"name":"Shaded","section":"Shading Mode"},"sceneLighting":false,"audioPlay":false,"sceneViewState":{"showFog":true,"showMaterialUpdate":false,"showSkybox":false,"showFlares":true,"showImageEffects":true,"showParticleSystems":true},"in2DMode":false,"pivot":{"x":13.666154861450196,"y":3.386416435241699,"z":34.467384338378909},"rotation":{"x":-0.26801735162734988,"y":0.45505520701408389,"z":-0.1475374549627304,"w":-0.8366690874099731},"size":3.3418514728546144,"orthographic":false}