{"cameraMode":{"drawMode":0,"name":"Shaded","section":"Shading Mode"},"sceneLighting":false,"audioPlay":false,"sceneViewState":{"showFog":true,"showMaterialUpdate":false,"showSkybox":false,"showFlares":true,"showImageEffects":true,"showParticleSystems":true},"in2DMode":false,"pivot":{"x":-25.434175491333009,"y":0.10811582207679749,"z":-18.105159759521486},"rotation":{"x":0.06879625469446182,"y":0.11583829671144486,"z":-0.007994056679308415,"w":0.9909159541130066},"size":0.4842017889022827,"orthographic":false}