{"cameraMode":{"drawMode":0,"name":"Shaded","section":"Shading Mode"},"sceneLighting":false,"audioPlay":false,"sceneViewState":{"showFog":true,"showMaterialUpdate":false,"showSkybox":false,"showFlares":true,"showImageEffects":true,"showParticleSystems":true},"in2DMode":false,"pivot":{"x":-10.390000343322754,"y":0.29168501496315,"z":-15.099893569946289},"rotation":{"x":-0.07282412052154541,"y":0.2503856420516968,"z":-0.018986495211720468,"w":-0.965476930141449},"size":0.5431298017501831,"orthographic":false}