{"cameraMode":{"drawMode":0,"name":"Shaded","section":"Shading Mode"},"sceneLighting":false,"audioPlay":false,"sceneViewState":{"showFog":true,"showMaterialUpdate":false,"showSkybox":false,"showFlares":true,"showImageEffects":true,"showParticleSystems":true},"in2DMode":false,"pivot":{"x":24.389999389648439,"y":2.299999713897705,"z":36.16999816894531},"rotation":{"x":-0.08731960505247116,"y":-0.2516481876373291,"z":0.02275392785668373,"w":-0.9640922546386719},"size":4.51477575302124,"orthographic":false}